<?xml version="1.0" encoding="UTF-8" standalone="yes"?><station><Vehicles><autoSetVal>1</autoSetVal><id>1</id><Type>Bus</Type><Model>nissan</Model><Year>2010</Year><CC>1400</CC><Color>black</Color><Plates>121312</Plates><IsReserved>true</IsReserved><IsForDriver>true</IsForDriver><isForDriver>true</isForDriver><reserved>true</reserved></Vehicles><Employees xmlns:xsi="http://www.w3.org/2001/XMLSchema-instance" xsi:type="driver"><Age>45</Age><Name>ahmed</Name><SSN>6543</SSN><Mobile>32124134</Mobile><Salary>40000.0</Salary><v><autoSetVal>1</autoSetVal><id>1</id><Type>Bus</Type><Model>nissan</Model><Year>2010</Year><CC>1400</CC><Color>black</Color><Plates>121312</Plates><IsReserved>true</IsReserved><IsForDriver>true</IsForDriver><isForDriver>true</isForDriver><reserved>true</reserved></v></Employees><Trips xmlns:xsi="http://www.w3.org/2001/XMLSchema-instance" xsi:type="externalTrip"><Flavor>nonstop</Flavor><SPrice>30.0</SPrice><RPrice>20.0</RPrice><Distance>50000.0</Distance><From>alex</From><To>cairo</To><TripType>Single</TripType><v><autoSetVal>1</autoSetVal><id>1</id><Type>Bus</Type><Model>nissan</Model><Year>2010</Year><CC>1400</CC><Color>black</Color><Plates>121312</Plates><IsReserved>true</IsReserved><IsForDriver>true</IsForDriver><isForDriver>true</isForDriver><reserved>true</reserved></v><Times><autoSetVal>1</autoSetVal><id>1</id><Start>10</Start><End>12</End></Times><tripType>Single</tripType></Trips><Tickets><trip xmlns:xsi="http://www.w3.org/2001/XMLSchema-instance" xsi:type="externalTrip"><Flavor>nonstop</Flavor><SPrice>30.0</SPrice><RPrice>20.0</RPrice><Distance>50000.0</Distance><From>alex</From><To>cairo</To><TripType>Single</TripType><v><autoSetVal>1</autoSetVal><id>1</id><Type>Bus</Type><Model>nissan</Model><Year>2010</Year><CC>1400</CC><Color>black</Color><Plates>121312</Plates><IsReserved>true</IsReserved><IsForDriver>true</IsForDriver><isForDriver>true</isForDriver><reserved>true</reserved></v><Times><autoSetVal>1</autoSetVal><id>1</id><Start>10</Start><End>12</End></Times><tripType>Single</tripType></trip><t><autoSetVal>1</autoSetVal><id>1</id><Start>10</Start><End>12</End></t></Tickets><AllowedTimes><autoSetVal>1</autoSetVal><id>1</id><Start>10</Start><End>12</End></AllowedTimes></station>